Season,Team,Playoff,Age,W,L,PW,PL,MOV,SOS,SRS,ORtg,DRtg,NRtg,Pace,FTr,3PAr,TS%,eFG%,TOV%,ORB%,FT/FGA,O_eFG%,O_TOV%,O_DRB%,O_FT/FGA,Arena,Attend.,Attend./G
2022,Boston Celtics,Yes,26.1,51,31,59,23,7.28,-0.26,7.02,114.4,106.9,7.5,96.6,0.239,0.425,0.578,0.542,12.4,24,0.195,0.502,12.5,77.3,0.183,TD Garden,785396,19156
2022,Phoenix Suns,Yes,27.5,64,18,59,23,7.5,-0.56,6.94,114.8,107.3,7.5,99.8,0.221,0.354,0.581,0.549,11.6,22.3,0.176,0.51,13,77.1,0.195,Phoenix Suns Arena,663171,16175
2022,Utah Jazz,Yes,29.3,49,33,56,26,6.04,-0.37,5.67,116.7,110.5,6.2,97.1,0.271,0.468,0.589,0.555,12.7,25.4,0.208,0.521,10.9,78.3,0.164,Vivint Smart Home Arena,750546,18306
2022,Memphis Grizzlies,Yes,24,56,26,55,27,5.68,-0.32,5.37,114.6,109,5.6,100.3,0.245,0.346,0.553,0.522,11.2,30,0.18,0.523,13.3,77.8,0.195,FedEx Forum,646785,15775
2022,Golden State Warriors,Yes,27.6,53,29,55,27,5.54,-0.02,5.52,112.5,106.9,5.6,98.4,0.235,0.456,0.582,0.552,13.5,22.8,0.181,0.509,13,78.7,0.201,Chase Center,740624,18064
2022,Miami Heat,Yes,28.2,53,29,53,29,4.45,-0.22,4.23,113.7,109.1,4.6,95.9,0.252,0.422,0.584,0.547,13.4,23.5,0.204,0.524,13.8,78,0.209,FTX Arena,804761,19628
2022,Dallas Mavericks,Yes,26.7,52,30,50,32,3.3,-0.18,3.12,112.8,109.4,3.4,95.4,0.249,0.439,0.572,0.538,11.7,21.3,0.192,0.521,12.2,78,0.185,American Airlines Center,808037,19708
2022,Milwaukee Bucks,Yes,28.5,51,31,49,33,3.35,-0.14,3.22,115.1,111.8,3.3,99.9,0.257,0.43,0.58,0.546,11.9,23,0.199,0.536,11.6,78.6,0.165,Fiserv Forum,715581,17453
2022,Philadelphia 76ers,Yes,26.8,51,31,48,34,2.61,-0.04,2.57,113.5,110.8,2.7,96.2,0.282,0.376,0.578,0.534,11.6,20.1,0.232,0.524,12.1,76.8,0.192,Wells Fargo Center,846867,20655
2022,Minnesota Timberwolves,Yes,24.2,46,36,48,34,2.63,-0.1,2.53,114.3,111.7,2.6,100.9,0.254,0.454,0.573,0.539,12.4,24.4,0.198,0.535,14.2,74.9,0.227,Target Center,657148,16028
2022,Denver Nuggets,Yes,27.7,48,34,47,35,2.3,-0.15,2.16,114.5,112.1,2.4,97.8,0.244,0.416,0.59,0.556,13.2,21.9,0.194,0.537,11.7,78.3,0.188,Ball Arena,695262,16958
2022,Toronto Raptors,Yes,24.8,48,34,47,35,2.29,0.08,2.38,112.9,110.5,2.4,96,0.234,0.375,0.543,0.51,11,28.4,0.177,0.535,14.4,75.6,0.199,Scotiabank Arena,547343,13350
2022,Cleveland Cavaliers,No,24.7,44,38,47,35,2.12,-0.08,2.04,111.9,109.7,2.2,96.1,0.261,0.387,0.571,0.538,13.2,24,0.198,0.52,12.3,76.5,0.172,Rocket Mortgage Fieldhouse,758228,18493
2022,Atlanta Hawks,Yes,26.1,43,39,45,37,1.56,-0.01,1.55,116.5,114.9,1.6,97.7,0.253,0.39,0.581,0.543,10.8,23,0.205,0.543,11.5,76.9,0.177,State Farm Arena,672742,16408
2022,Brooklyn Nets,Yes,29.1,44,38,43,39,0.78,0.04,0.82,113.6,112.8,0.8,99,0.246,0.359,0.576,0.54,12.5,23.9,0.198,0.521,11.7,75.1,0.201,Barclays Center,711539,17355
2022,Charlotte Hornets,No,25.5,43,39,42,40,0.44,0.09,0.53,114.1,113.7,0.4,100,0.234,0.418,0.572,0.544,11.6,23.3,0.173,0.544,13.1,74.8,0.187,Spectrum Center,700755,17092
2022,San Antonio Spurs,No,24.5,34,48,41,41,0.12,-0.1,0.02,112.4,112.3,0.1,100,0.22,0.345,0.556,0.527,11.1,23.7,0.166,0.532,12.1,75.1,0.176,AT&T Center,615588,15014
2022,Los Angeles Clippers,No,27.5,42,40,41,41,0.02,0.06,0.09,110.1,110.1,0,98,0.224,0.391,0.564,0.531,12.5,20.6,0.178,0.514,12,74.4,0.167,Crypto.com Arena,694005,16927
2022,New York Knicks,No,26,37,45,41,41,-0.12,0.11,-0.01,110.4,110.5,-0.1,95.9,0.28,0.428,0.55,0.513,12,25.1,0.208,0.521,11.7,78.8,0.198,Madison Square Garden (IV),763484,18622
2022,Chicago Bulls,Yes,26.3,46,36,40,42,-0.39,0.02,-0.38,113.2,113.6,-0.4,98.3,0.248,0.332,0.579,0.541,11.8,20.4,0.201,0.541,11.9,78.3,0.199,United Center,856148,20882
2022,New Orleans Pelicans,Yes,25.6,36,46,38,44,-0.99,0.15,-0.84,112,113,-1,97.2,0.264,0.365,0.557,0.517,12.5,26.9,0.208,0.547,13,78.2,0.196,Smoothie King Center,635941,15511
2022,Los Angeles Lakers,No,30.2,33,49,33,49,-3.05,-0.03,-3.08,110.3,113.3,-3,100.1,0.259,0.388,0.567,0.537,12.8,21.1,0.19,0.54,12.2,75.8,0.192,Crypto.com Arena,764631,18650
2022,Washington Wizards,No,25.9,35,47,32,50,-3.38,0.15,-3.23,111.1,114.5,-3.4,97,0.252,0.356,0.568,0.532,12.1,20.9,0.197,0.529,10.7,76.9,0.202,Capital One Arena,637215,15542
2022,Indiana Pacers,No,26,25,57,32,50,-3.48,0.22,-3.26,112.6,116.1,-3.5,98,0.239,0.395,0.564,0.531,12.7,25.5,0.184,0.552,11.9,76.2,0.204,Gainbridge Fieldhouse,588743,14360
2022,Sacramento Kings,No,25.8,30,52,28,54,-5.46,0.2,-5.26,109.9,115.3,-5.4,99.8,0.264,0.377,0.561,0.525,12.5,21.3,0.203,0.551,11.9,76,0.176,Golden 1 Center,577583,14087
2022,Detroit Pistons,No,23.6,23,59,22,60,-7.72,0.37,-7.36,106,113.8,-7.8,98.4,0.249,0.391,0.533,0.494,12.6,23.4,0.194,0.541,13.1,75.6,0.226,Little Caesars Arena,663556,16184
2022,Orlando Magic,No,23.3,22,60,21,61,-8,0.33,-7.67,104.5,112.5,-8,99.2,0.223,0.417,0.538,0.503,13,19.8,0.175,0.532,11.7,77.2,0.196,Amway Center,622881,15192
2022,Oklahoma City Thunder,No,22.4,24,58,21,61,-8.1,0.2,-7.9,104.6,112.8,-8.2,98.5,0.223,0.419,0.53,0.497,12.5,21.8,0.169,0.533,11.8,76.1,0.169,Paycom Center,595112,14515
2022,Houston Rockets,No,24.1,20,62,21,61,-8.48,0.22,-8.26,108.4,116.7,-8.3,100.9,0.284,0.448,0.565,0.534,14.5,21.7,0.202,0.554,12.3,74.4,0.206,Toyota Center,638977,15585
2022,Portland Trail Blazers,No,25.6,27,55,20,62,-8.88,0.33,-8.55,107.8,116.9,-9.1,98.3,0.248,0.422,0.55,0.515,13,22.9,0.188,0.559,12.7,76.9,0.222,Moda Center,705608,17210
2021,Utah Jazz,Yes,28.5,52,20,55,17,9.25,-0.29,8.97,117.6,108.3,9.3,98.5,0.244,0.488,0.597,0.563,12.7,24.5,0.195,0.507,10.3,79.3,0.159,Vivint Smart Home Arena,151300,4203
2021,Los Angeles Clippers,Yes,28.8,47,25,49,23,6.18,-0.16,6.02,117.6,111.2,6.4,96.9,0.222,0.4,0.599,0.564,12.2,22.7,0.186,0.531,11.9,79.1,0.186,STAPLES Center,13901,386
2021,Phoenix Suns,Yes,26.6,51,21,49,23,5.82,-0.15,5.67,117.2,111.3,5.9,97.2,0.212,0.392,0.597,0.564,11.5,20.8,0.177,0.534,12.4,78.5,0.194,Phoenix Suns Arena,104027,2890
2021,Milwaukee Bucks,Yes,28.1,46,26,48,24,5.89,-0.32,5.57,117.2,111.4,5.8,102.2,0.233,0.404,0.593,0.566,12,23.3,0.177,0.536,11.5,79.7,0.157,Fiserv Forum,64780,1799
2021,Philadelphia 76ers,Yes,27.1,49,23,48,24,5.58,-0.31,5.28,113.2,107.6,5.6,99.5,0.293,0.347,0.579,0.541,12.8,23.2,0.225,0.521,13.8,78.2,0.2,Wells Fargo Center,68583,1905
2021,Denver Nuggets,Yes,26.1,47,25,47,25,4.93,-0.11,4.82,117.1,112.1,5,97.1,0.219,0.383,0.588,0.557,12.1,24.7,0.176,0.545,12.9,78.9,0.2,Ball Arena,54563,1516
2021,Brooklyn Nets,Yes,28.2,48,24,46,26,4.5,-0.27,4.24,118.3,113.8,4.5,99.5,0.258,0.413,0.61,0.575,12.2,21.4,0.208,0.531,11.1,77.3,0.187,Barclays Center,30491,847
2021,Los Angeles Lakers,Yes,28.2,42,30,42,30,2.79,-0.03,2.77,109.9,107.1,2.8,98.7,0.271,0.363,0.569,0.536,13.6,22.5,0.2,0.526,13.7,79.7,0.184,STAPLES Center,23313,648
2021,Dallas Mavericks,Yes,26.3,42,30,41,31,2.26,-0.01,2.26,115.4,113,2.4,97.3,0.242,0.436,0.582,0.55,11.1,21.1,0.189,0.534,11.5,77.8,0.197,American Airlines Center,94849,2635
2021,New York Knicks,Yes,25.6,41,31,41,31,2.31,-0.18,2.13,110.6,108.2,2.4,95.9,0.242,0.347,0.559,0.524,11.9,21.9,0.19,0.509,11.7,78.6,0.196,Madison Square Garden (IV),42131,1170
2021,Atlanta Hawks,Yes,25.4,41,31,41,31,2.32,-0.18,2.14,115.7,113.3,2.4,97.6,0.278,0.382,0.581,0.539,11.9,24.4,0.226,0.53,11.1,77.8,0.19,State Farm Arena,59288,1647
2021,Portland Trail Blazers,Yes,27.4,42,30,40,32,1.79,0.01,1.81,117.8,116,1.8,98.4,0.238,0.448,0.577,0.54,9.9,23,0.195,0.546,11.2,77.5,0.203,Moda Center,5817,162
2021,Boston Celtics,Yes,25.1,36,36,39,33,1.46,-0.14,1.32,114,112.5,1.5,98.3,0.234,0.409,0.574,0.543,12.5,24.3,0.181,0.539,12.8,78.1,0.215,TD Garden,30067,835
2021,Golden State Warriors,No,26.7,39,33,38,34,1.06,0.04,1.1,111.1,110.1,1,102.2,0.239,0.439,0.583,0.551,13.3,17.9,0.188,0.522,13.1,76.6,0.223,Chase Center,33457,929
2021,Memphis Grizzlies,Yes,24.2,38,34,38,34,1.03,0.04,1.07,112,111,1,100.4,0.232,0.342,0.56,0.528,11.6,24.2,0.179,0.535,13.1,78.3,0.196,FedEx Forum,61449,1707
2021,Miami Heat,Yes,27.4,40,32,36,36,0.03,-0.09,-0.06,111.2,111.2,0,96.6,0.252,0.432,0.581,0.546,13.1,19.4,0.199,0.542,13.8,77.9,0.183,AmericanAirlines Arena,,
2021,Indiana Pacers,No,26.5,34,38,36,36,-0.04,-0.08,-0.13,112.4,112.4,0,101.6,0.227,0.372,0.575,0.542,11.9,20.2,0.18,0.531,12.7,74.9,0.201,Bankers Life Fieldhouse,,
2021,New Orleans Pelicans,No,24.8,31,41,35,37,-0.29,0.1,-0.2,113.5,113.8,-0.3,100.1,0.293,0.342,0.57,0.537,12.7,26.3,0.214,0.55,11.9,80,0.186,Smoothie King Center,93120,2587
2021,Toronto Raptors,No,26.6,27,45,35,37,-0.47,-0.07,-0.54,112,112.5,-0.5,99.2,0.241,0.444,0.567,0.529,11.9,20.8,0.196,0.543,14.4,76.3,0.234,Amalie Arena,26024,723
2021,Chicago Bulls,No,25.6,31,41,34,38,-0.89,-0.05,-0.94,111.1,112,-0.9,99,0.197,0.383,0.575,0.547,13.6,22.3,0.156,0.538,11.6,80.3,0.196,United Center,13655,379
2021,San Antonio Spurs,No,26.2,33,39,32,40,-1.74,0.15,-1.58,111,112.8,-1.8,98.9,0.243,0.314,0.554,0.517,10.2,20,0.192,0.541,11.8,77.3,0.174,AT&T Center,61053,1696
2021,Washington Wizards,Yes,26.6,34,38,32,40,-1.83,-0.01,-1.85,111.2,113,-1.8,104.1,0.288,0.319,0.569,0.531,12.3,21.3,0.221,0.539,12.5,77.6,0.217,Capital One Arena,19198,533
2021,Charlotte Hornets,No,24.6,33,39,32,40,-1.93,-0.01,-1.94,110.9,112.8,-1.9,98.3,0.238,0.422,0.564,0.532,13.3,23.5,0.181,0.55,13.2,75.7,0.163,Spectrum Center,68255,1896
2021,Sacramento Kings,No,25.6,31,41,28,44,-3.68,0.23,-3.45,113.6,117.2,-3.6,100,0.248,0.376,0.578,0.549,12,21.3,0.185,0.557,12.1,75,0.199,Golden 1 Center,,
2021,Detroit Pistons,No,24.5,20,52,26,46,-4.47,0.09,-4.38,108,112.5,-4.5,97.9,0.273,0.385,0.556,0.519,13.5,21.9,0.207,0.541,12.6,76.9,0.195,Little Caesars Arena,14250,396
2021,Minnesota Timberwolves,No,23.2,23,49,24,48,-5.56,0.31,-5.25,109.5,115,-5.5,101.6,0.254,0.413,0.555,0.52,12.4,22.7,0.193,0.556,13.3,76.8,0.207,Target Center,15774,438
2021,Houston Rockets,No,26.5,17,55,20,52,-7.9,0.4,-7.5,107.1,114.9,-7.8,101.4,0.252,0.459,0.553,0.521,13,19.8,0.187,0.555,12.9,77.1,0.201,Toyota Center,117009,3250
2021,Cleveland Cavaliers,No,24,22,50,18,54,-8.44,0.25,-8.19,105.8,114.4,-8.6,97.3,0.261,0.347,0.543,0.508,13.9,23.6,0.194,0.556,13,76.6,0.183,Rocket Mortgage Fieldhouse,91476,2541
2021,Orlando Magic,No,25.6,21,51,17,55,-9.31,0.29,-9.02,105.1,114.5,-9.4,98.7,0.24,0.356,0.527,0.49,11.5,21.6,0.186,0.547,11.5,78.2,0.169,Amway Center,126463,3513
2021,Oklahoma City Thunder,No,22.8,22,50,15,57,-10.64,0.51,-10.13,103.5,114,-10.5,101,0.242,0.399,0.539,0.509,14.2,21.2,0.176,0.547,11.5,77.9,0.167,Chesapeake Energy Arena,,
2020,Milwaukee Bucks,Yes,29.2,56,17,57,16,10.08,-0.67,9.41,112.4,102.9,9.5,105.1,0.271,0.428,0.583,0.552,12.9,20.7,0.201,0.489,12,81.6,0.178,Fiserv Forum,549036,17711
2020,Boston Celtics,Yes,25.3,48,24,50,22,6.31,-0.47,5.83,113.3,107,6.3,99.5,0.259,0.386,0.57,0.531,12.2,23.9,0.207,0.509,13.5,77.4,0.215,TD Garden,610864,19090
2020,Los Angeles Clippers,Yes,27.4,49,23,50,22,6.44,0.21,6.66,113.9,107.6,6.3,101.5,0.295,0.375,0.577,0.535,12.6,23.5,0.233,0.506,12.2,77.6,0.206,STAPLES Center,610176,19068
2020,Toronto Raptors,Yes,26.6,53,19,50,22,6.24,-0.26,5.97,111.1,105,6.1,100.9,0.264,0.421,0.574,0.536,13.1,21.3,0.21,0.502,14.6,76.7,0.202,Scotiabank Arena,633456,19796
2020,Los Angeles Lakers,Yes,29.5,52,19,48,23,5.79,0.49,6.28,112,106.3,5.7,100.9,0.276,0.358,0.573,0.542,13.3,24.5,0.201,0.515,14.1,78.8,0.205,STAPLES Center,588907,18997
2020,Dallas Mavericks,Yes,26.1,43,32,49,26,4.95,-0.07,4.87,116.7,111.7,5,99.3,0.264,0.457,0.581,0.545,11.2,23.2,0.206,0.525,10.6,77.7,0.175,American Airlines Center,682096,20062
2020,Miami Heat,Yes,25.9,44,29,43,30,2.95,-0.35,2.59,112.5,109.5,3,98.3,0.299,0.419,0.587,0.547,13.5,20.3,0.234,0.523,12.6,79.5,0.213,AmericanAirlines Arena,629771,19680
2020,Houston Rockets,Yes,29.2,44,28,42,30,2.96,0.17,3.13,112.9,110.1,2.8,103.7,0.288,0.501,0.578,0.537,12.6,21,0.228,0.529,13.7,75.6,0.197,Toyota Center,578458,18077
2020,Utah Jazz,Yes,27.3,44,28,42,30,2.47,0.05,2.52,112.3,109.9,2.4,98.6,0.268,0.414,0.585,0.549,13.7,21.6,0.208,0.518,11.1,78.9,0.185,Vivint Smart Home Arena,567486,18306
2020,Philadelphia 76ers,Yes,26.3,43,30,42,31,2.38,-0.13,2.25,111.3,109,2.3,99,0.255,0.36,0.566,0.534,12.7,23.9,0.193,0.523,12.5,80.3,0.214,Wells Fargo Center,639491,20629
2020,Denver Nuggets,Yes,25.6,46,27,41,32,2.11,0.24,2.35,113.1,111,2.1,97.1,0.235,0.344,0.567,0.535,12.3,24.8,0.183,0.533,12.9,76.8,0.198,Pepsi Center,633153,19186
2020,Indiana Pacers,Yes,25.6,45,28,41,32,1.96,-0.33,1.63,110,108,2,98.9,0.216,0.317,0.565,0.534,12,20,0.17,0.511,13,76.7,0.192,Bankers Life Fieldhouse,529002,16531
2020,Oklahoma City Thunder,Yes,25.5,44,28,41,31,1.99,0.34,2.33,110.8,108.8,2,98.8,0.29,0.353,0.573,0.53,12.4,19.3,0.231,0.518,12.6,76.8,0.173,Chesapeake Energy Arena,600699,18203
2020,Phoenix Suns,No,24.6,34,39,37,36,0.22,0.35,0.56,111.7,111.4,0.3,101.3,0.271,0.361,0.576,0.532,13,22.2,0.226,0.539,13.7,78.8,0.221,Talking Stick Resort Arena,550633,15606
2020,Brooklyn Nets,Yes,26.3,35,37,35,37,-0.57,-0.44,-1.01,108.9,109.5,-0.6,101.4,0.267,0.423,0.554,0.52,13.1,23.2,0.199,0.511,11,77.8,0.187,Barclays Center,524907,16403
2020,Orlando Magic,Yes,26.1,33,40,34,39,-1.01,0.09,-0.93,108.5,109.5,-1,98.6,0.256,0.364,0.544,0.506,11.5,22.3,0.198,0.535,13.2,79.1,0.176,Amway Center,529870,17093
2020,San Antonio Spurs,No,27.6,32,39,33,38,-1.11,0.46,-0.65,112.4,113.5,-1.1,100.5,0.262,0.318,0.572,0.531,11.2,20.1,0.212,0.542,11.7,79.2,0.193,AT&T Center,550515,18351
2020,Memphis Grizzlies,No,24.1,34,39,34,39,-1.07,0.16,-0.91,109.2,110.3,-1.1,102.8,0.24,0.346,0.561,0.528,13.2,23,0.183,0.521,12.7,77.8,0.217,FedEx Forum,523297,15857
2020,Portland Trail Blazers,Yes,27.5,35,39,34,40,-1.15,0.54,-0.61,113.7,114.8,-1.1,100.7,0.242,0.374,0.57,0.533,11.2,22.4,0.194,0.53,11.2,75.3,0.208,Moda Center,628303,19634
2020,New Orleans Pelicans,No,25.4,30,42,33,39,-1.29,0.74,-0.55,110.7,111.9,-1.2,103.7,0.256,0.403,0.568,0.539,13.9,24.2,0.186,0.532,12.4,77.8,0.212,Smoothie King Center,528172,16505
2020,Sacramento Kings,No,27,31,41,31,41,-2.04,0.46,-1.59,110.2,112.2,-2,98.9,0.23,0.395,0.566,0.534,13,21.9,0.177,0.543,13.6,78.4,0.225,Golden 1 Center,520663,16796
2020,Chicago Bulls,No,24.4,22,43,26,39,-3.08,-0.93,-4,106.7,109.8,-3.1,99.7,0.231,0.396,0.547,0.515,13.7,22.8,0.175,0.546,16.3,75.6,0.239,United Center,639352,18804
2020,Detroit Pistons,No,25.9,20,46,26,40,-3.56,-0.82,-4.38,109,112.7,-3.7,97.6,0.261,0.381,0.561,0.529,13.8,22.6,0.194,0.541,12.7,75.9,0.186,Little Caesars Arena,509469,15294
2020,Minnesota Timberwolves,No,24.8,19,45,24,40,-4.3,0.28,-4.02,108.1,112.2,-4.1,103.4,0.277,0.433,0.551,0.514,13,22.1,0.209,0.541,13.2,77.2,0.218,Target Center,482112,15066
2020,Washington Wizards,No,25.1,25,47,26,46,-4.67,-0.57,-5.24,110.9,115.5,-4.6,102.7,0.27,0.358,0.562,0.523,12.2,22.2,0.213,0.558,13.9,75.3,0.231,Capital One Arena,532702,16647
2020,New York Knicks,No,24.5,21,45,20,46,-6.45,-0.26,-6.72,106.5,113,-6.5,98.6,0.263,0.318,0.531,0.501,12.6,25.8,0.182,0.541,12.4,78.3,0.224,Madison Square Garden (IV),620789,18812
2020,Charlotte Hornets,No,24.3,23,42,19,46,-6.75,-0.28,-7.03,106.3,113.3,-7,95.8,0.252,0.399,0.539,0.504,13.3,23.9,0.188,0.546,13.1,74.4,0.159,Spectrum Center,478591,15428
2020,Atlanta Hawks,No,24.1,20,47,18,49,-7.97,0.27,-7.71,107.2,114.8,-7.6,103,0.258,0.398,0.554,0.515,13.8,21.6,0.204,0.543,12.7,74.9,0.233,State Farm Arena,545453,16043
2020,Cleveland Cavaliers,No,25,19,46,18,47,-7.89,0.12,-7.77,107.5,115.4,-7.9,98.7,0.227,0.362,0.553,0.522,14.6,24.6,0.172,0.56,11.7,77.4,0.164,Rocket Mortgage Fieldhouse,643008,17861
2020,Golden State Warriors,No,24.4,15,50,16,49,-8.71,0.59,-8.12,105.2,113.8,-8.6,100.3,0.264,0.355,0.54,0.497,13.2,21.5,0.212,0.553,13.7,76.4,0.193,Chase Center,614176,18064
2019,Milwaukee Bucks,Yes,26.9,60,22,61,21,8.87,-0.82,8.04,113.8,105.2,8.6,103.3,0.255,0.419,0.583,0.55,12,20.8,0.197,0.503,11.5,80.3,0.162,Fiserv Forum,721692,17602
2019,Golden State Warriors,Yes,28.4,57,25,56,26,6.46,-0.04,6.42,115.9,109.5,6.4,100.9,0.227,0.384,0.596,0.565,12.6,22.5,0.182,0.508,11.7,77.1,0.205,Oracle Arena,803436,19596
2019,Toronto Raptors,Yes,27.3,58,24,56,26,6.09,-0.6,5.49,113.1,107.1,6,100.2,0.247,0.379,0.579,0.543,12.4,21.9,0.198,0.509,13.1,77.1,0.19,Scotiabank Arena,812822,19825
2019,Utah Jazz,Yes,27.3,50,32,54,28,5.26,0.03,5.28,110.9,105.7,5.2,100.3,0.295,0.394,0.572,0.538,13.4,22.9,0.217,0.507,12.4,80.3,0.189,Vivint Smart Home Arena,750546,18306
2019,Houston Rockets,Yes,29.2,53,29,53,29,4.77,0.19,4.96,115.5,110.7,4.8,97.9,0.279,0.519,0.581,0.542,12,22.8,0.221,0.525,13.4,74.4,0.21,Toyota Center,740392,18058
2019,Boston Celtics,Yes,25.7,49,33,52,30,4.44,-0.54,3.9,112.2,107.8,4.4,99.6,0.215,0.381,0.567,0.534,11.5,21.6,0.173,0.514,13.4,77,0.198,TD Garden,763584,18624
2019,Portland Trail Blazers,Yes,26.2,53,29,51,31,4.2,0.24,4.43,114.7,110.5,4.2,99.1,0.258,0.339,0.568,0.528,12.1,26.6,0.21,0.516,11,77.9,0.195,Moda Center,799345,19496
2019,Denver Nuggets,Yes,24.9,54,28,51,31,3.95,0.24,4.19,113,108.9,4.1,97.7,0.232,0.348,0.558,0.527,11.9,26.6,0.175,0.521,12.3,78,0.194,Pepsi Center,756457,18450
2019,Indiana Pacers,Yes,27,48,34,50,32,3.33,-0.57,2.76,109.9,106.5,3.4,98.1,0.242,0.292,0.561,0.53,12.4,21.9,0.182,0.516,14.1,76.2,0.184,Bankers Life Fieldhouse,689310,16812
2019,Oklahoma City Thunder,Yes,25.7,49,33,50,32,3.4,0.15,3.56,110.3,107,3.3,102.8,0.266,0.347,0.545,0.514,11.7,26,0.19,0.523,14.4,78.2,0.206,Chesapeake Energy Arena,746323,18203
2019,Philadelphia 76ers,Yes,26.4,51,31,48,34,2.7,-0.44,2.25,112.6,110,2.6,101.6,0.312,0.342,0.574,0.532,12.9,24.5,0.241,0.512,11.1,78.6,0.206,Wells Fargo Center,838342,20447
2019,San Antonio Spurs,Yes,28.8,48,34,45,37,1.68,0.12,1.8,112.9,111.2,1.7,98.3,0.237,0.286,0.572,0.534,11,21,0.194,0.528,11,79.4,0.17,AT&T Center,750616,18308
2019,Los Angeles Clippers,Yes,27.2,48,34,43,39,0.85,0.23,1.09,112.4,111.5,0.9,101.7,0.326,0.295,0.575,0.529,12.7,22,0.258,0.514,11.4,76,0.224,STAPLES Center,710327,17325
2019,Orlando Magic,Yes,25.7,42,40,43,39,0.71,-0.43,0.28,108.9,108.1,0.8,98.1,0.216,0.36,0.55,0.518,11.9,22,0.168,0.515,11.8,79.7,0.186,Amway Center,720024,17431
2019,Brooklyn Nets,Yes,25.4,42,40,41,41,-0.07,-0.33,-0.4,109.6,109.7,-0.1,100.8,0.284,0.403,0.556,0.52,13,23.8,0.211,0.512,11.6,76.4,0.19,Barclays Center,612597,14941
2019,Detroit Pistons,Yes,26.9,41,41,40,42,-0.24,-0.31,-0.56,109,109.2,-0.2,97.4,0.262,0.394,0.544,0.509,12.3,24.8,0.195,0.526,12.8,78.7,0.211,Little Caesars Arena,675963,16487
2019,Miami Heat,No,27,39,43,40,42,-0.23,-0.22,-0.45,107.3,107.6,-0.3,98.2,0.247,0.368,0.542,0.515,13.1,24.8,0.172,0.51,12.7,77.6,0.201,AmericanAirlines Arena,805264,19641
2019,Sacramento Kings,No,24.8,39,43,38,44,-1.12,0.31,-0.81,110.4,111.5,-1.1,103.1,0.244,0.321,0.554,0.524,11.5,23.1,0.177,0.533,13.6,75.5,0.207,Golden 1 Center,700975,17097
2019,Charlotte Hornets,No,26.6,39,43,38,44,-1.1,-0.22,-1.32,111.4,112.5,-1.1,98.7,0.257,0.378,0.554,0.514,10.9,21.7,0.205,0.538,12.1,77.1,0.179,Spectrum Center,676570,16502
2019,New Orleans Pelicans,No,25.7,33,49,38,44,-1.33,0.23,-1.1,111.4,112.6,-1.2,103.3,0.254,0.324,0.563,0.529,12.6,24.1,0.193,0.532,11.6,76.8,0.193,Smoothie King Center,656183,16004
2019,Dallas Mavericks,No,26.9,33,49,38,44,-1.28,0.42,-0.87,109.4,110.7,-1.3,99,0.291,0.422,0.555,0.519,12.7,22.7,0.216,0.522,11.6,77.5,0.191,American Airlines Center,820569,20014
2019,Minnesota Timberwolves,No,26.2,36,46,37,45,-1.5,0.48,-1.02,111.4,112.9,-1.5,100.2,0.267,0.315,0.552,0.511,11.4,24.6,0.21,0.538,12.9,74.9,0.19,Target Center,627543,15306
2019,Los Angeles Lakers,No,26.2,37,45,37,45,-1.72,0.39,-1.33,107.8,109.5,-1.7,103.2,0.257,0.342,0.554,0.527,13.4,22.2,0.18,0.516,12.2,76.4,0.192,STAPLES Center,778877,18997
2019,Memphis Grizzlies,No,27.7,33,49,34,48,-2.6,0.51,-2.08,106.1,108.8,-2.7,96.6,0.272,0.342,0.548,0.508,12.9,20,0.21,0.521,13.9,77.6,0.232,FedEx Forum,638332,15569
2019,Washington Wizards,No,26.5,32,50,34,48,-2.9,-0.4,-3.3,111.1,113.9,-2.8,101.4,0.266,0.37,0.567,0.531,12.3,21.3,0.204,0.546,13.5,74.1,0.199,Capital One Arena,716996,17448
2019,Atlanta Hawks,No,25.1,29,53,27,55,-6.02,-0.04,-6.06,108.1,113.9,-5.8,103.9,0.255,0.403,0.555,0.522,14.3,24.7,0.192,0.541,12.8,76.4,0.237,State Farm Arena,628440,15328
2019,Chicago Bulls,No,24,22,60,21,61,-8.41,0.1,-8.32,104.8,113.2,-8.4,99,0.235,0.295,0.541,0.505,12.7,19.4,0.184,0.541,11.9,77.3,0.188,United Center,823475,20085
2019,New York Knicks,No,23.4,17,65,19,63,-9.21,0.28,-8.93,104.5,113.7,-9.2,99.6,0.27,0.334,0.529,0.49,12.4,22.1,0.205,0.533,11.7,76.1,0.203,Madison Square Garden (IV),779087,19002
2019,Phoenix Suns,No,24,19,63,19,63,-9.34,0.73,-8.61,105.9,115.1,-9.2,100.5,0.259,0.335,0.552,0.514,13.8,20.5,0.202,0.545,13.5,72.5,0.236,Talking Stick Resort Arena,627023,15293
2019,Cleveland Cavaliers,No,25.2,19,63,19,63,-9.61,0.22,-9.39,107.7,117.6,-9.9,96.6,0.236,0.332,0.54,0.503,12.2,23.7,0.187,0.564,11.5,77,0.181,Quicken Loans Arena,793337,19350
2018,Houston Rockets,Yes,29.8,65,17,61,21,8.48,-0.27,8.21,114.7,106.1,8.6,97.6,0.298,0.502,0.59,0.551,12.7,21.3,0.233,0.521,13.4,79.9,0.171,Toyota Center,732722,17871
2018,Toronto Raptors,Yes,25.8,59,23,60,22,7.78,-0.49,7.29,113.8,105.9,7.9,97.4,0.25,0.377,0.575,0.539,12.1,23,0.198,0.501,13,77.7,0.212,Air Canada Centre,813431,19840
2018,Golden State Warriors,Yes,28.8,58,24,56,26,5.98,-0.19,5.79,113.6,107.6,6,99.6,0.239,0.339,0.603,0.569,14.1,21,0.195,0.504,12.6,76.3,0.186,Oracle Arena,803436,19596
2018,Utah Jazz,Yes,26.7,48,34,53,29,4.3,0.17,4.47,108.4,103.9,4.5,95.7,0.26,0.357,0.564,0.527,13.7,21.5,0.202,0.506,14,79.8,0.19,Vivint Smart Home Arena,734806,17922
2018,Philadelphia 76ers,Yes,25.8,52,30,53,29,4.5,-0.2,4.3,109.5,105,4.5,99.8,0.263,0.344,0.568,0.535,14.6,25.3,0.198,0.492,12.6,78.6,0.218,Wells Fargo Center,833503,20361
2018,Boston Celtics,Yes,24.7,55,27,51,31,3.59,-0.35,3.23,107.6,103.9,3.7,96,0.243,0.357,0.552,0.518,13,21.5,0.188,0.495,13,78.4,0.191,TD Garden,763584,18624
2018,Oklahoma City Thunder,Yes,27.3,48,34,50,32,3.41,0,3.42,110.7,107.2,3.5,96.7,0.275,0.345,0.546,0.514,12.4,27.7,0.197,0.525,14.7,77.4,0.193,Chesapeake Energy Arena,746322,18203
2018,San Antonio Spurs,Yes,29.3,47,35,49,33,2.89,0,2.89,107.9,104.8,3.1,95,0.245,0.282,0.543,0.507,12.2,23.7,0.189,0.507,13.2,78.6,0.17,AT&T Center,754562,18404
2018,Portland Trail Blazers,Yes,25.6,49,33,48,34,2.6,0,2.6,109.1,106.4,2.7,96.5,0.24,0.324,0.549,0.511,12.3,23.3,0.192,0.503,11.7,79.1,0.193,Moda Center,795750,19409
2018,Minnesota Timberwolves,Yes,27.1,47,35,47,35,2.23,0.12,2.35,113.4,111.1,2.3,96,0.28,0.261,0.566,0.523,11.4,24.4,0.225,0.539,13.9,76.4,0.189,Target Center,699308,17056
2018,Denver Nuggets,No,25.1,46,36,45,37,1.48,0.09,1.57,112.5,111,1.5,96.8,0.258,0.357,0.57,0.536,13.4,25.7,0.198,0.539,12.6,77.5,0.173,Pepsi Center,702796,17141
2018,Indiana Pacers,Yes,26.2,48,34,45,37,1.38,-0.2,1.18,109.5,108.1,1.4,96,0.222,0.284,0.557,0.525,12.3,22.7,0.173,0.527,14.2,76.2,0.174,Bankers Life Fieldhouse,658119,16052
2018,New Orleans Pelicans,Yes,27.6,48,34,44,38,1.3,0.18,1.48,109.6,108.3,1.3,100.5,0.237,0.319,0.573,0.541,13.3,20,0.183,0.513,12.5,76.7,0.175,Smoothie King Center,673920,16437
2018,Cleveland Cavaliers,Yes,30.6,50,32,43,39,0.94,-0.35,0.59,112.9,111.9,1,98,0.275,0.379,0.584,0.547,12.6,20.1,0.214,0.54,12.2,77.3,0.166,Quicken Loans Arena,843042,20562
2018,Washington Wizards,Yes,26.9,43,39,43,39,0.59,-0.06,0.53,109.3,108.7,0.6,96.6,0.254,0.31,0.56,0.525,13.3,23.5,0.196,0.522,13.6,77.1,0.212,Capital One Arena,739302,18032
2018,Miami Heat,Yes,26.5,44,38,42,40,0.48,-0.33,0.15,106.8,106.3,0.5,95.6,0.229,0.358,0.551,0.52,13.3,21.5,0.173,0.507,13.1,79,0.215,AmericanAirlines Arena,804850,19630
2018,Charlotte Hornets,No,26.6,36,46,42,40,0.26,-0.19,0.07,109.4,109.1,0.3,98.4,0.312,0.314,0.549,0.508,11.4,22.2,0.233,0.532,12.4,80.7,0.165,Spectrum Center,671404,16376
2018,Los Angeles Clippers,No,27,42,40,41,41,0.04,0.11,0.15,110.3,110.2,0.1,98.7,0.299,0.314,0.564,0.527,13.2,23.5,0.222,0.52,12.6,76.1,0.203,STAPLES Center,697812,17020
2018,Detroit Pistons,No,25.9,39,43,41,41,-0.15,-0.11,-0.26,107.2,107.3,-0.1,96.2,0.227,0.333,0.543,0.512,12.3,22.7,0.169,0.524,13.7,78.5,0.172,Little Caesars Arena,713945,17413
2018,Milwaukee Bucks,Yes,25.9,44,38,40,42,-0.3,-0.15,-0.45,109.8,110.1,-0.3,96.2,0.281,0.297,0.571,0.531,12.9,20.4,0.22,0.528,14.2,75.9,0.22,BMO Harris Bradley Center,685303,16856
2018,Los Angeles Lakers,No,23.7,35,47,37,45,-1.55,0.11,-1.44,106.5,108,-1.5,100.3,0.264,0.329,0.548,0.517,13.8,23.6,0.188,0.514,12.5,77.7,0.19,STAPLES Center,776327,18935
2018,Dallas Mavericks,No,27.7,24,58,33,49,-3.04,0.34,-2.7,106.3,109.5,-3.2,95.6,0.217,0.382,0.544,0.513,11.6,18,0.166,0.532,12.9,78.9,0.193,American Airlines Center,811453,19792
2018,New York Knicks,No,26.3,29,53,32,50,-3.56,0.03,-3.53,107.1,110.7,-3.6,96.8,0.216,0.266,0.544,0.51,13.3,24.1,0.17,0.522,12.2,76.7,0.208,Madison Square Garden (IV),792608,19332
2018,Brooklyn Nets,No,25.1,28,54,31,51,-3.74,0.07,-3.67,106.9,110.6,-3.7,98.9,0.26,0.411,0.551,0.514,13.6,21,0.201,0.517,11,77,0.201,Barclays Center,640010,15376
2018,Orlando Magic,No,25.6,25,57,28,54,-4.82,-0.1,-4.92,105.2,110.1,-4.9,98.1,0.238,0.342,0.545,0.512,13.3,20,0.18,0.525,12.8,75.6,0.187,Amway Center,734531,17915
2018,Atlanta Hawks,No,25.4,24,58,27,55,-5.45,0.15,-5.3,105,110.6,-5.6,98.3,0.236,0.363,0.547,0.512,14.1,21.1,0.185,0.536,13.6,76.2,0.183,Philips Arena,590769,14409
2018,Memphis Grizzlies,No,26,22,60,25,57,-6.21,0.39,-5.81,104.5,111,-6.5,94.9,0.255,0.317,0.539,0.5,14,22.4,0.201,0.529,13.8,76.5,0.256,FedEx Forum,653863,15948
2018,Chicago Bulls,No,24.4,27,55,23,59,-7.04,0.2,-6.84,103.8,110.9,-7.1,98.3,0.216,0.35,0.529,0.497,12.6,20.6,0.164,0.542,12.4,80.6,0.184,United Center,851824,20776
2018,Sacramento Kings,No,26.4,27,55,23,59,-6.99,0.39,-6.6,103.7,111.1,-7.4,94.9,0.194,0.278,0.529,0.502,12.8,21.5,0.143,0.542,13.5,77.6,0.199,Golden 1 Center,714680,17431
2018,Phoenix Suns,No,23.7,21,61,19,63,-9.37,0.57,-8.8,103.5,112.8,-9.3,100.3,0.275,0.32,0.532,0.495,13.9,22.5,0.203,0.533,11.9,76.5,0.212,Talking Stick Resort Arena,690576,16843
2017,Golden State Warriors,Yes,28.2,67,15,67,15,11.63,-0.28,11.35,115.6,104,11.6,99.8,0.259,0.359,0.597,0.563,13.2,22.8,0.204,0.486,13.5,74.9,0.198,Oracle Arena,803436,19596
2017,San Antonio Spurs,Yes,29.6,61,21,60,22,7.2,-0.06,7.13,111.1,103.5,7.6,94.2,0.263,0.281,0.564,0.524,12.6,24,0.21,0.492,13.5,77.6,0.192,AT&T Center,755347,18423
2017,Houston Rockets,Yes,27.4,55,27,55,27,5.77,0.08,5.84,114.7,109,5.7,100,0.304,0.462,0.583,0.545,13.3,24.6,0.233,0.519,13.2,75.8,0.194,Toyota Center,695903,16973
2017,Toronto Raptors,Yes,26.1,51,31,52,30,4.21,-0.56,3.65,112.3,107.8,4.5,94.7,0.293,0.289,0.561,0.517,11.8,25,0.233,0.507,13.5,76.3,0.223,Air Canada Centre,813050,19830
2017,Los Angeles Clippers,Yes,30,51,31,52,30,4.29,0.13,4.42,112.7,108.2,4.5,96.1,0.312,0.329,0.574,0.537,12,21.5,0.233,0.506,12.1,76.9,0.211,STAPLES Center,782609,19088
2017,Utah Jazz,Yes,26.8,51,31,52,30,3.94,0.06,4,109.6,105.3,4.3,91.6,0.288,0.327,0.563,0.526,13.2,23.2,0.215,0.493,11.8,78.9,0.195,Vivint Smart Home Arena,806142,19662
2017,Cleveland Cavaliers,Yes,29.2,51,31,49,33,3.18,-0.31,2.87,113.6,110.3,3.3,96.2,0.275,0.399,0.58,0.547,12.6,21.9,0.206,0.516,11.4,75.8,0.174,Quicken Loans Arena,843042,20562
2017,Boston Celtics,Yes,25.9,53,29,48,34,2.63,-0.39,2.25,111.2,108.4,2.8,96.8,0.273,0.393,0.567,0.525,12.2,21.2,0.22,0.503,12.6,75.3,0.223,TD Garden,760690,18553
2017,Washington Wizards,Yes,26,49,33,46,36,1.8,-0.45,1.36,111.2,109.3,1.9,97.4,0.254,0.284,0.564,0.528,12.8,24.1,0.199,0.524,13.8,75.5,0.213,Verizon Center,697107,17003
2017,Miami Heat,No,26.5,41,41,44,38,1.06,-0.29,0.77,107.8,106.7,1.1,95.2,0.251,0.314,0.541,0.512,12.4,24.2,0.177,0.496,12.6,76.4,0.22,AmericanAirlines Arena,805400,19644
2017,Oklahoma City Thunder,Yes,24.7,47,35,43,39,0.76,0.39,1.14,108.3,107.5,0.8,97.8,0.295,0.295,0.54,0.5,13.2,27.9,0.22,0.511,12.5,79,0.218,Chesapeake Energy Arena,746323,18203
2017,Memphis Grizzlies,Yes,29.5,43,39,42,40,0.49,0.47,0.96,107.7,107.1,0.6,92.3,0.28,0.316,0.535,0.491,12.1,24.8,0.219,0.506,13.6,77.5,0.256,FedEx Forum,677314,16520
2017,Denver Nuggets,No,25.2,40,42,42,40,0.51,0.19,0.7,113.2,112.7,0.5,98.3,0.276,0.329,0.568,0.53,13.2,27.3,0.214,0.532,10.9,78.7,0.194,Pepsi Center,605585,14672
2017,Chicago Bulls,Yes,26.9,41,41,42,40,0.43,-0.39,0.03,107.4,107,0.4,95.3,0.259,0.256,0.53,0.487,12.3,27,0.206,0.507,12.4,76.8,0.169,United Center,888882,21680
2017,Charlotte Hornets,No,26.5,36,46,42,40,0.2,-0.26,-0.07,108.8,108.6,0.2,95.7,0.279,0.335,0.547,0.501,10.7,19.9,0.227,0.523,12.1,79.6,0.164,Spectrum Center,710643,17333
2017,Indiana Pacers,Yes,27,42,40,40,42,-0.22,-0.42,-0.64,108.6,108.8,-0.2,95.9,0.261,0.272,0.558,0.516,12.8,21.2,0.212,0.512,13.6,75.5,0.225,Bankers Life Fieldhouse,684578,16697
2017,Milwaukee Bucks,Yes,25.6,42,40,40,42,-0.18,-0.26,-0.45,109.1,109.3,-0.2,94.5,0.274,0.29,0.565,0.527,13.2,21.5,0.21,0.518,13.6,75.4,0.215,BMO Harris Bradley Center,648952,15828
2017,Portland Trail Blazers,Yes,24.8,41,41,40,42,-0.52,0.3,-0.23,110.3,110.8,-0.5,96.7,0.275,0.322,0.559,0.52,12.5,23,0.214,0.508,11.6,76.8,0.241,Moda Center,792029,19318
2017,Atlanta Hawks,Yes,27.9,43,39,39,43,-0.85,-0.38,-1.23,104.9,105.7,-0.8,97.4,0.295,0.309,0.541,0.504,14.2,23.6,0.215,0.507,13.8,76.1,0.179,Philips Arena,654306,15959
2017,Detroit Pistons,No,25.4,37,45,38,44,-1.12,-0.17,-1.29,106,107.1,-1.1,95,0.218,0.263,0.521,0.492,10.9,24.1,0.157,0.516,12.1,81.2,0.197,The Palace of Auburn Hills,655141,15979
2017,Minnesota Timberwolves,No,24,31,51,38,44,-1.11,0.47,-0.64,110.8,112,-1.2,94.6,0.287,0.249,0.555,0.511,12.9,27.2,0.229,0.535,13.2,75.9,0.212,Target Center,607203,14810
2017,New Orleans Pelicans,No,25.7,34,48,35,47,-2.1,0.41,-1.69,105.2,107.4,-2.2,98,0.256,0.308,0.539,0.504,11.7,18.5,0.192,0.509,12.4,76.8,0.177,Smoothie King Center,663099,16173
2017,Dallas Mavericks,No,27.6,33,49,33,49,-2.93,0.4,-2.53,105.6,108.8,-3.2,92.2,0.225,0.366,0.541,0.505,11.6,18.1,0.18,0.529,14.4,77.6,0.218,American Airlines Center,811366,19789
2017,New York Knicks,No,27.3,31,51,31,51,-3.67,-0.2,-3.87,107.7,111.5,-3.8,96,0.239,0.279,0.534,0.496,12.4,26.6,0.188,0.511,11.7,74.1,0.214,Madison Square Garden (IV),810741,19774
2017,Sacramento Kings,No,27.9,32,50,31,51,-3.88,0.58,-3.29,107.3,111.3,-4,94.9,0.284,0.291,0.556,0.516,13.7,21,0.22,0.528,12.9,76.3,0.227,Golden 1 Center,721928,17608
2017,Phoenix Suns,No,25,24,58,27,55,-5.63,0.49,-5.14,106.6,112.2,-5.6,100.3,0.297,0.255,0.538,0.493,13.4,26,0.231,0.525,13.1,76.4,0.264,Talking Stick Resort Arena,708639,17134
2017,Philadelphia 76ers,No,24.6,28,54,26,56,-5.7,-0.14,-5.83,103.2,108.9,-5.7,98.5,0.258,0.349,0.539,0.501,14.9,22.4,0.199,0.512,13.5,75.3,0.234,Wells Fargo Center,710557,17331
2017,Brooklyn Nets,No,26,20,62,24,58,-6.73,-0.01,-6.74,104.1,110.7,-6.6,101.3,0.289,0.371,0.551,0.507,14.7,19.6,0.228,0.513,11.6,76.1,0.212,Barclays Center,632608,15429
2017,Orlando Magic,No,25.3,29,53,24,58,-6.57,-0.04,-6.61,103.7,110.5,-6.8,96.8,0.246,0.3,0.524,0.489,12.1,21.6,0.184,0.523,11.9,77.4,0.201,Amway Center,727875,17753
2017,Los Angeles Lakers,No,25.1,26,56,24,58,-6.88,0.58,-6.29,106,113,-7,98.5,0.259,0.295,0.537,0.501,13.5,25,0.195,0.542,13,75.8,0.213,STAPLES Center,776917,18949
2016,San Antonio Spurs,Yes,30.3,67,15,67,15,10.63,-0.36,10.28,110.3,99,11.3,93.8,0.246,0.223,0.564,0.526,12.4,23,0.197,0.477,14.1,79.1,0.182,AT&T Center,756445,18450
2016,Golden State Warriors,Yes,27.4,73,9,65,17,10.76,-0.38,10.38,114.5,103.8,10.7,99.3,0.25,0.362,0.593,0.563,13.5,23.5,0.191,0.479,12.6,76,0.208,Oracle Arena,803436,19596
2016,Oklahoma City Thunder,Yes,25.8,55,27,59,23,7.28,-0.19,7.09,113.1,105.6,7.5,96.7,0.292,0.275,0.565,0.524,14,31.1,0.228,0.484,11.7,76,0.205,Chesapeake Energy Arena,746323,18203
2016,Cleveland Cavaliers,Yes,28.1,57,25,57,25,6,-0.55,5.45,110.9,104.5,6.4,93.3,0.259,0.352,0.558,0.524,12.7,25.1,0.194,0.496,12.6,78.5,0.205,Quicken Loans Arena,843042,20562
2016,Toronto Raptors,Yes,26.3,56,26,53,29,4.5,-0.42,4.08,110,105.2,4.8,92.9,0.328,0.287,0.552,0.504,12.3,24.6,0.255,0.498,12.7,77.7,0.201,Air Canada Centre,812863,19826
2016,Los Angeles Clippers,Yes,29.7,53,29,53,29,4.28,-0.15,4.13,108.3,103.8,4.5,95.8,0.318,0.324,0.556,0.524,12.1,20.1,0.22,0.48,13.8,73.8,0.222,STAPLES Center,786910,19193
2016,Atlanta Hawks,Yes,28.2,48,34,51,31,3.61,-0.12,3.49,105.1,101.4,3.7,97.1,0.237,0.336,0.552,0.516,13.8,19.1,0.185,0.48,14.4,74.6,0.194,Philips Arena,690150,16833
2016,Boston Celtics,Yes,25.2,48,34,50,32,3.21,-0.37,2.84,106.8,103.6,3.2,98.5,0.264,0.293,0.531,0.488,12.1,25.1,0.208,0.487,14.6,74.6,0.231,TD Garden,749076,18270
2016,Charlotte Hornets,Yes,26,48,34,49,33,2.72,-0.36,2.36,107.1,104.3,2.8,95.7,0.28,0.348,0.545,0.502,11.7,20,0.222,0.496,12.5,79.8,0.191,Time Warner Cable Arena,716894,17485
2016,Utah Jazz,No,24.2,40,42,46,36,1.79,0.05,1.84,105.9,103.9,2,91,0.286,0.297,0.54,0.501,14.2,25.9,0.213,0.495,13.5,77.7,0.21,Vivint Smart Home Arena,791489,19305
2016,Miami Heat,Yes,28.4,48,34,46,36,1.65,-0.14,1.5,106.1,104.4,1.7,93.6,0.282,0.221,0.545,0.508,13.3,23.8,0.21,0.485,12.1,77.8,0.196,AmericanAirlines Arena,809350,19740
2016,Indiana Pacers,Yes,26.9,45,37,46,36,1.71,-0.09,1.62,104.6,102.9,1.7,96.6,0.268,0.27,0.536,0.497,13.5,23.4,0.205,0.489,14.3,76,0.205,Bankers Life Fieldhouse,690733,16847
2016,Portland Trail Blazers,Yes,24.3,44,38,43,39,0.83,0.15,0.98,108.8,108,0.8,96,0.268,0.332,0.548,0.511,13.2,25.9,0.202,0.503,12.1,76.2,0.225,Moda Center,794085,19368
2016,Detroit Pistons,Yes,25,44,38,43,39,0.61,-0.18,0.43,106.1,105.5,0.6,95.1,0.296,0.303,0.522,0.491,12.2,27,0.197,0.504,12.5,79.3,0.196,The Palace of Auburn Hills,677138,16516
2016,Houston Rockets,Yes,27.8,41,41,42,40,0.2,0.14,0.34,108.3,108.1,0.2,97.6,0.352,0.37,0.553,0.516,14.2,25.7,0.244,0.516,14.7,72.8,0.219,Toyota Center,737244,17982
2016,Dallas Mavericks,Yes,30.3,42,40,40,42,-0.3,0.29,-0.02,106.7,107,-0.3,94.3,0.265,0.339,0.544,0.502,12,20.6,0.211,0.504,12.8,76.2,0.198,American Airlines Center,825901,20144
2016,Washington Wizards,No,27.3,41,41,40,42,-0.5,0,-0.5,105.3,105.8,-0.5,98.5,0.263,0.282,0.544,0.511,13.1,20.6,0.192,0.515,14.6,77.7,0.218,Verizon Center,725426,17693
2016,Chicago Bulls,No,27.6,42,40,37,45,-1.48,0.01,-1.46,105,106.5,-1.5,95.7,0.24,0.244,0.526,0.487,12.6,24.5,0.189,0.485,10.7,74.9,0.182,United Center,894659,21821
2016,Orlando Magic,No,23.9,35,47,36,46,-1.62,-0.06,-1.68,105.1,106.8,-1.7,96,0.232,0.255,0.533,0.5,12.8,23.1,0.175,0.513,13.8,76.5,0.215,Amway Center,719275,17515
2016,Sacramento Kings,No,26.6,33,49,34,48,-2.48,0.16,-2.32,106,108.4,-2.4,100,0.295,0.26,0.546,0.51,14.2,23.9,0.214,0.521,14,74.9,0.202,Sleep Train Arena,707526,17222
2016,Memphis Grizzlies,Yes,30.5,42,40,35,47,-2.24,0.11,-2.14,105.4,107.8,-2.4,93.3,0.295,0.222,0.524,0.477,12.3,25.3,0.231,0.518,15.2,75.1,0.251,FedEx Forum,701894,17119
2016,New York Knicks,No,27.2,32,50,33,49,-2.73,0,-2.74,104.6,107.6,-3,93.4,0.255,0.256,0.527,0.483,12.6,23.7,0.205,0.487,10.5,75.8,0.204,Madison Square Garden (IV),812292,19812
2016,Denver Nuggets,No,24.7,33,49,33,49,-3.1,0.29,-2.81,105.6,108.9,-3.3,95.7,0.282,0.277,0.531,0.489,13.2,25.8,0.216,0.515,12.6,77.3,0.216,Pepsi Center,577898,14095
2016,Minnesota Timberwolves,No,24.6,29,53,31,51,-3.54,0.15,-3.38,106.5,110.1,-3.6,95.2,0.332,0.202,0.549,0.498,13.9,24.3,0.263,0.524,13.6,74.7,0.2,Target Center,581178,14175
2016,New Orleans Pelicans,No,26.6,30,52,31,51,-3.79,0.24,-3.56,105.6,109.5,-3.9,96.8,0.259,0.277,0.537,0.498,12.3,21.2,0.201,0.523,12.7,78.8,0.225,Smoothie King Center,688549,16794
2016,Milwaukee Bucks,No,23.5,33,49,29,53,-4.18,0.2,-3.98,104.3,108.7,-4.4,94.2,0.276,0.189,0.537,0.499,14.2,24.9,0.207,0.51,14.2,73.1,0.221,BMO Harris Bradley Center,621808,15166
2016,Phoenix Suns,No,26,23,59,24,58,-6.66,0.34,-6.32,102.2,109,-6.8,98.5,0.271,0.302,0.526,0.487,15.2,25.4,0.204,0.523,13.5,77.1,0.237,Talking Stick Resort Arena,701405,17107
2016,Brooklyn Nets,No,26.9,21,61,22,60,-7.35,0.24,-7.12,103.2,110.9,-7.7,95.2,0.246,0.218,0.527,0.492,13.6,24.1,0.186,0.534,13.1,75.7,0.176,Barclays Center,620142,15125
2016,Los Angeles Lakers,No,26.5,17,65,17,65,-9.56,0.64,-8.92,101.6,111.6,-10,95.6,0.292,0.29,0.509,0.46,12.5,23.1,0.228,0.523,11.6,74.7,0.202,STAPLES Center,778877,18997
2016,Philadelphia 76ers,No,23.3,10,72,16,66,-10.23,0.31,-9.92,98.8,109.2,-10.4,97.9,0.269,0.327,0.519,0.487,14.8,20.6,0.186,0.51,13.5,74,0.24,Wells Fargo Center,614650,14991
2015,Golden State Warriors,Yes,26.6,67,15,65,17,10.1,-0.09,10.01,111.6,101.4,10.2,98.3,0.239,0.311,0.571,0.54,13.1,24.1,0.184,0.47,14.3,74.5,0.217,Oracle Arena,803436,19596
2015,Los Angeles Clippers,Yes,28.8,56,26,58,24,6.59,0.22,6.8,112.4,105.5,6.9,94.7,0.303,0.322,0.565,0.533,11.6,22.8,0.215,0.493,13.2,75.7,0.231,STAPLES Center,785892,19168
2015,San Antonio Spurs,Yes,29.8,55,27,58,24,6.2,0.14,6.34,108.5,102,6.5,93.8,0.256,0.269,0.555,0.517,13.1,23.4,0.2,0.484,13.3,77.3,0.19,AT&T Center,762855,18606
2015,Atlanta Hawks,Yes,27.8,60,22,56,26,5.43,-0.68,4.75,108.9,103.1,5.8,93.9,0.259,0.321,0.563,0.527,13.5,21.4,0.201,0.492,14.9,73.4,0.185,Philips Arena,713909,17412
2015,Cleveland Cavaliers,Yes,26.9,53,29,53,29,4.48,-0.4,4.08,111.1,106.3,4.8,92.3,0.287,0.334,0.557,0.52,13.4,26.8,0.216,0.502,12.6,74.7,0.177,Quicken Loans Arena,843042,20562
2015,Portland Trail Blazers,Yes,27,51,31,53,29,4.23,0.18,4.41,108.2,103.7,4.5,94.2,0.225,0.316,0.544,0.508,12.6,24.2,0.18,0.476,11.3,76.2,0.182,Moda Center,798368,19472
2015,Houston Rockets,Yes,27.6,56,26,50,32,3.44,0.38,3.82,107,103.4,3.6,96.5,0.312,0.392,0.548,0.512,15,26.8,0.223,0.486,14.6,72.9,0.208,Toyota Center,747412,18230
2015,Memphis Grizzlies,Yes,29.6,55,27,50,32,3.24,0.38,3.62,105.7,102.2,3.5,92,0.276,0.184,0.531,0.489,12.6,24.7,0.214,0.492,14.5,75.3,0.183,FedEx Forum,710502,17329
2015,Toronto Raptors,Yes,26.1,49,33,49,33,3.07,-0.62,2.45,111,107.7,3.3,92.8,0.295,0.302,0.553,0.508,12,25.6,0.232,0.506,13.4,73.3,0.208,Air Canada Centre,809824,19752
2015,Chicago Bulls,Yes,28.8,50,32,50,32,3,-0.46,2.54,107.5,104.3,3.2,92.8,0.304,0.269,0.536,0.489,12.9,27,0.238,0.473,11.3,74.4,0.182,United Center,886612,21625
2015,Dallas Mavericks,Yes,29.9,50,32,49,33,2.9,0.46,3.36,109.5,106.4,3.1,95.2,0.262,0.296,0.55,0.515,11.9,23.6,0.197,0.503,14.7,72.2,0.204,American Airlines Center,827702,20188
2015,Oklahoma City Thunder,No,25.4,45,37,47,35,2.18,0.28,2.47,107.8,105.5,2.3,95.7,0.284,0.262,0.532,0.492,13.1,28.9,0.214,0.489,12.4,75.6,0.213,Chesapeake Energy Arena,746323,18203
2015,New Orleans Pelicans,Yes,25.3,45,37,43,39,0.79,0.34,1.13,108.2,107.3,0.9,91.4,0.263,0.233,0.537,0.501,12.5,27.1,0.198,0.496,11.7,75.1,0.195,Smoothie King Center,683757,16677
2015,Washington Wizards,Yes,28.6,46,36,43,39,0.72,-0.55,0.17,103.7,103,0.7,93.7,0.259,0.203,0.534,0.499,14,24.9,0.192,0.481,12.9,77.3,0.21,Verizon Center,747796,18239
2015,Milwaukee Bucks,Yes,24.6,41,41,42,40,0.43,-0.52,-0.09,102.7,102.2,0.5,94.1,0.258,0.223,0.536,0.499,15.5,25.4,0.195,0.487,15.9,73.3,0.221,BMO Harris Bradley Center,593910,14813
2015,Indiana Pacers,No,28.3,38,44,42,40,0.28,-0.51,-0.23,103.5,103.2,0.3,93.2,0.266,0.255,0.523,0.484,13.1,24,0.201,0.478,12,77.9,0.217,Bankers Life Fieldhouse,691434,16864
2015,Utah Jazz,No,23.4,38,44,42,40,0.22,0.49,0.71,105.1,104.9,0.2,90.4,0.297,0.274,0.531,0.494,14.6,29.1,0.214,0.491,12.8,76.3,0.199,EnergySolutions Arena,772059,18831
2015,Boston Celtics,Yes,25,40,42,41,41,0.16,-0.56,-0.4,104.7,104.5,0.2,95.8,0.233,0.28,0.523,0.489,12.5,24.7,0.176,0.494,13.7,75,0.208,TD Garden,721350,17594
2015,Phoenix Suns,No,25.7,39,43,38,44,-0.9,0.52,-0.38,105.3,106.2,-0.9,96.3,0.251,0.291,0.537,0.501,13.7,24.5,0.191,0.497,14,73.5,0.221,US Airways Center,693862,16923
2015,Detroit Pistons,No,25.9,32,50,38,44,-1,-0.39,-1.39,105.3,106.4,-1.1,92.8,0.261,0.29,0.515,0.482,12.3,27.7,0.184,0.502,13.2,75,0.192,The Palace of Auburn Hills,625917,15266
2015,Miami Heat,No,28.5,37,45,33,49,-2.6,-0.32,-2.92,103.9,106.7,-2.8,90.9,0.306,0.262,0.54,0.5,14.5,23.2,0.227,0.505,14.2,73.4,0.213,AmericanAirlines Arena,808223,19713
2015,Brooklyn Nets,Yes,28.6,38,44,33,49,-2.88,-0.25,-3.13,104.4,107.4,-3,92.7,0.267,0.24,0.529,0.491,13,23.9,0.2,0.506,12.9,73.7,0.185,Barclays Center,698529,17037
2015,Charlotte Hornets,No,26,33,49,32,50,-3.17,-0.27,-3.44,100.1,103.5,-3.4,93,0.269,0.226,0.498,0.456,11.2,22.1,0.202,0.487,12,79.3,0.188,Time Warner Cable Arena,704886,17192
2015,Denver Nuggets,No,26.4,30,52,31,51,-3.55,0.48,-3.07,104.5,108.2,-3.7,96.1,0.278,0.284,0.518,0.479,12.7,26.6,0.204,0.504,13,74.7,0.239,Pepsi Center,602707,14700
2015,Sacramento Kings,No,26,29,53,31,51,-3.71,0.64,-3.07,105.3,109.2,-3.9,95.4,0.363,0.204,0.542,0.49,14.8,26.5,0.276,0.507,11.8,75.2,0.2,Sleep Train Arena,680049,16587
2015,Orlando Magic,No,24.3,25,57,25,57,-5.72,-0.15,-5.87,101.6,107.7,-6.1,93.8,0.23,0.235,0.524,0.494,14,23.1,0.168,0.514,13.6,76,0.21,Amway Center,688194,16785
2015,Los Angeles Lakers,No,27,21,61,23,59,-6.84,0.67,-6.17,103.4,110.6,-7.2,94,0.276,0.22,0.513,0.473,12.1,25.4,0.204,0.518,12.1,76.3,0.231,STAPLES Center,768244,18738
2015,Minnesota Timberwolves,No,24.4,16,66,19,63,-8.79,0.79,-8,102.9,112.2,-9.3,94.4,0.309,0.179,0.517,0.468,13.7,26.6,0.24,0.537,13.9,71.6,0.187,Target Center,595652,14416
2015,Philadelphia 76ers,No,23.2,18,64,18,64,-8.98,-0.07,-9.04,95.5,104.8,-9.3,95.7,0.288,0.319,0.494,0.459,16,25.5,0.195,0.497,15.2,73,0.225,Wells Fargo Center,571572,13941
2015,New York Knicks,No,26.9,17,65,17,65,-9.32,-0.18,-9.5,99.9,110,-10.1,91.2,0.234,0.24,0.508,0.47,14,24.5,0.18,0.512,13.3,73.1,0.234,Madison Square Garden (IV),812292,19812
2014,San Antonio Spurs,Yes,28.9,62,20,61,21,7.72,0.28,8,110.5,102.4,8.1,95,0.24,0.257,0.571,0.537,13.5,22.7,0.188,0.482,12.8,76.4,0.184,AT&T Center,755031,18415
2014,Los Angeles Clippers,Yes,28.1,57,25,59,23,6.98,0.3,7.27,112.1,104.8,7.3,95.9,0.353,0.291,0.567,0.526,12.7,25,0.258,0.484,13.8,72.5,0.222,STAPLES Center,787692,19212
2014,Oklahoma City Thunder,Yes,26.2,59,23,58,24,6.34,0.32,6.66,110.5,103.9,6.6,95.4,0.303,0.271,0.566,0.52,14,26.5,0.244,0.488,13.9,75.6,0.221,Chesapeake Energy Arena,746323,18203
2014,Miami Heat,Yes,30.6,54,28,54,28,4.76,-0.61,4.15,110.9,105.8,5.1,91.2,0.3,0.292,0.59,0.554,14.6,20.6,0.228,0.511,15.8,73,0.212,AmericanAirlines Arena,811036,19781
2014,Golden State Warriors,Yes,26.3,51,31,54,28,4.8,0.34,5.15,107.5,102.6,4.9,96.2,0.247,0.291,0.55,0.517,13.8,25.1,0.186,0.477,13.6,76.3,0.224,Oracle Arena,803436,19596
2014,Indiana Pacers,Yes,27.2,56,26,54,28,4.4,-0.77,3.63,104.1,99.3,4.8,92.5,0.29,0.235,0.535,0.49,14.3,24.9,0.226,0.46,12.9,76.8,0.197,Bankers Life Fieldhouse,717542,17501
2014,Houston Rockets,Yes,25.4,54,28,53,29,4.56,0.5,5.06,111,106.3,4.7,96.3,0.386,0.33,0.571,0.531,14.6,27.4,0.275,0.489,12.5,74.1,0.193,Toyota Center,743082,18124
2014,Portland Trail Blazers,Yes,25.8,54,28,52,30,3.99,0.45,4.44,111.5,107.4,4.1,94.9,0.27,0.29,0.548,0.504,12.4,28,0.22,0.488,11,74.7,0.194,Moda Center,809612,19747
2014,Toronto Raptors,Yes,25.6,48,34,50,32,3.24,-0.69,2.55,108.8,105.3,3.5,91.8,0.306,0.285,0.545,0.498,13.2,27.2,0.239,0.493,14.1,74.9,0.237,Air Canada Centre,748339,18252
2014,Phoenix Suns,No,26.2,48,34,48,34,2.63,0.39,3.02,109.5,106.7,2.8,95.8,0.293,0.3,0.558,0.519,14,26.4,0.222,0.496,13.9,73.7,0.237,US Airways Center,650739,15872
2014,Minnesota Timberwolves,No,26.3,40,42,48,34,2.67,0.43,3.1,108.9,106.2,2.7,97.3,0.321,0.245,0.535,0.486,12.2,27.4,0.249,0.518,14.8,74.4,0.177,Target Center,597157,14565
2014,Dallas Mavericks,Yes,30.6,49,33,48,34,2.4,0.5,2.91,111.2,108.7,2.5,93.5,0.253,0.274,0.564,0.526,12.7,24.6,0.201,0.515,14.8,72.7,0.229,American Airlines Center,817982,19951
2014,Chicago Bulls,Yes,28.6,48,34,47,35,1.85,-0.66,1.2,102.5,100.5,2,90.2,0.29,0.222,0.518,0.471,14.2,27.2,0.226,0.471,13.7,75.4,0.189,United Center,890370,21716
2014,Memphis Grizzlies,Yes,28.5,50,32,46,36,1.57,0.61,2.18,106.3,104.6,1.7,89.9,0.248,0.171,0.529,0.494,13.1,28.3,0.184,0.497,13.8,75.7,0.199,FedEx Forum,685458,16718
2014,Washington Wizards,Yes,26.3,44,38,45,37,1.27,-0.79,0.48,106,104.6,1.4,93.2,0.248,0.246,0.538,0.506,13.6,25.2,0.181,0.504,15,75.7,0.22,Verizon Center,698068,17026
2014,Charlotte Bobcats,Yes,25.5,43,39,40,42,-0.22,-0.67,-0.89,103.6,103.8,-0.2,92.4,0.297,0.219,0.522,0.481,11.7,21.9,0.219,0.491,12.6,77.6,0.183,Time Warner Cable Arena,636268,15519
2014,Atlanta Hawks,Yes,27.5,38,44,40,42,-0.48,-0.4,-0.88,105.9,106.4,-0.5,94.6,0.266,0.316,0.554,0.515,14.3,21,0.208,0.51,14,74.4,0.196,Philips Arena,587927,14231
2014,New York Knicks,No,28.3,37,45,39,43,-0.79,-0.61,-1.4,108.3,109.1,-0.8,90.3,0.248,0.302,0.541,0.505,12.5,25.1,0.189,0.514,14,74.3,0.245,Madison Square Garden (IV),812292,19812
2014,Brooklyn Nets,Yes,30,44,38,38,44,-1,-0.58,-1.58,106.7,107.7,-1,91.4,0.313,0.301,0.555,0.514,14.1,21.7,0.236,0.509,14.9,72.3,0.236,Barclays Center,707331,17252
2014,Denver Nuggets,No,26,36,46,35,47,-2.15,0.75,-1.4,106,108.2,-2.2,98.1,0.306,0.278,0.536,0.497,14,27.5,0.222,0.5,12.8,74.5,0.233,Pepsi Center,692898,16900
2014,New Orleans Pelicans,No,24.3,34,48,33,49,-2.71,0.73,-1.98,107.2,110.1,-2.9,92.2,0.286,0.193,0.537,0.495,12.9,26.9,0.22,0.515,13.6,73.8,0.249,Smoothie King Center,672029,16391
2014,Sacramento Kings,No,24.9,28,54,33,49,-2.9,0.82,-2.08,105.7,108.8,-3.1,94.4,0.331,0.218,0.532,0.484,13.9,27.8,0.251,0.512,12.7,76.6,0.234,Sleep Train Arena,667949,16291
2014,Cleveland Cavaliers,No,24.9,33,49,32,50,-3.29,-0.57,-3.86,104.2,107.7,-3.5,93.1,0.268,0.236,0.518,0.479,13,27.2,0.201,0.508,13,75.8,0.199,Quicken Loans Arena,710522,17330
2014,Detroit Pistons,No,24.7,29,53,31,51,-3.66,-0.48,-4.13,105.9,109.7,-3.8,94.9,0.296,0.222,0.514,0.482,12.9,31.4,0.199,0.52,13.8,73.4,0.218,The Palace of Auburn Hills,616005,15025
2014,Boston Celtics,No,25.4,25,57,28,54,-4.46,-0.51,-4.97,102.9,107.7,-4.8,93.3,0.248,0.251,0.517,0.477,14.2,27.4,0.193,0.505,13.4,74.2,0.227,TD Garden,742400,18107
2014,Orlando Magic,No,24.6,23,59,26,56,-5.44,-0.44,-5.88,101.7,107.4,-5.7,93.6,0.253,0.235,0.525,0.487,13.9,22.4,0.193,0.504,13,75.5,0.211,Amway Center,666046,16245
2014,Los Angeles Lakers,No,26.8,27,55,25,57,-6.29,0.96,-5.33,104.2,110.6,-6.4,98.7,0.263,0.291,0.542,0.505,13.7,20.2,0.199,0.513,12.4,71,0.192,STAPLES Center,771974,18829
2014,Utah Jazz,No,24.5,25,57,22,60,-7.17,0.91,-6.27,103.5,111.3,-7.8,91.4,0.271,0.237,0.523,0.484,13.9,25.5,0.202,0.518,12.1,74.5,0.227,EnergySolutions Arena,745203,18176
2014,Milwaukee Bucks,No,24.7,15,67,20,62,-8.18,-0.23,-8.41,103,111.8,-8.8,91.8,0.274,0.231,0.519,0.479,14.1,27.1,0.204,0.52,13.2,71.4,0.225,BMO Harris Bradley Center,552067,13465
2014,Philadelphia 76ers,No,23.4,19,63,16,66,-10.45,-0.21,-10.66,99.4,109.9,-10.5,99.2,0.268,0.258,0.51,0.475,14.8,24.8,0.19,0.524,14.9,72.4,0.244,Wells Fargo Center,568632,13869
